,order_id,created_at
0,7639468,2021-03-13
1,5792515,2021-08-14
2,1442754,2021-03-28
3,4913410,2021-03-30
4,5465905,2021-05-22
5,0510900,2021-12-01
6,1755628,2021-07-30
7,5852567,2021-05-21
8,2080599,2021-03-31
9,2481178,2021-05-14
10,6295580,2021-05-05
11,0604967,2021-01-16
12,8672609,2021-08-05
13,6773724,2021-01-05
14,7501962,2021-02-26
15,3761344,2021-06-22
16,4898144,2021-07-02
17,2708146,2021-12-19
18,5472969,2021-09-19
19,3137169,2021-09-27
20,3521709,2021-05-24
21,5539092,2021-03-26
22,3322532,2021-01-04
23,2664861,2021-12-27
24,2646849,2021-11-21
25,1184418,2021-11-29
26,0137118,2021-06-03
27,7923905,2021-06-02
28,4950513,2021-10-21
29,4556219,2021-01-09
30,5224181,2021-12-16
31,0619410,2021-11-07
32,7780219,2021-04-05
33,2514057,2021-09-07
34,2575924,2021-12-31
35,8255534,2021-07-05
36,4292406,2021-03-01
37,2700966,2021-09-06
38,8487106,2021-07-05
39,5797146,2021-02-24
40,9405367,2021-11-15
41,8008133,2021-12-28
42,1466520,2021-10-11
43,0883704,2021-09-21
44,5240633,2021-05-02
45,8204053,2021-07-07
46,9561022,2021-05-05
47,6564422,2021-11-30
48,1986043,2021-08-07
49,4537482,2021-05-06
50,3051595,2021-07-06
51,3511853,2021-12-16
52,1037212,2021-05-04
53,6409431,2021-07-17
54,0551795,2021-05-03
55,2558027,2021-02-11
56,2781566,2021-08-11
57,1624286,2021-12-06
58,3288400,2021-06-12
59,8161160,2021-11-01
60,6822807,2021-04-27
61,8392150,2021-05-21
62,7127181,2021-04-09
63,9729725,2021-03-02
64,9774209,2021-11-17
65,2531474,2021-09-14
66,4610067,2021-06-13
67,5014541,2021-08-25
68,6323637,2021-12-24
69,8048459,2021-09-25
70,1868511,2021-02-03
71,0575359,2021-11-26
72,5596046,2021-09-30
73,2372533,2021-08-11
74,0072370,2021-11-08
75,6596994,2021-02-17
76,7411064,2021-04-07
77,0553970,2021-10-03
78,6548186,2021-04-08
79,2567293,2021-06-30
80,9104720,2021-04-13
81,1650107,2021-04-19
82,7958881,2021-09-12
83,1907047,2021-01-15
84,0563950,2021-02-07
85,8335367,2021-01-06
86,3560163,2021-06-05
87,8834614,2021-11-14
88,2886351,2021-01-24
89,7457932,2021-05-29
90,1144720,2021-07-11
91,8315632,2021-09-18
92,8246181,2021-07-05
93,4583253,2021-07-19
94,9708653,2021-05-12
95,5013758,2021-03-07
96,6883252,2021-03-31
97,3666578,2021-06-24
98,6563160,2021-05-25
99,9177637,2021-03-30
100,4223903,2021-07-07
101,9592484,2021-11-13
102,2098734,2021-07-04
103,1947775,2021-10-27
104,6200578,2021-11-11
105,8298371,2021-01-05
106,6839872,2021-09-18
107,5589220,2021-09-07
108,4117840,2021-10-21
109,3299708,2021-10-18
110,8823421,2021-02-14
111,9719727,2021-08-07
112,8612566,2021-09-15
113,4050566,2021-03-22
114,1004909,2021-08-02
115,5550592,2021-08-17
116,2392987,2021-12-08
117,8612653,2021-11-29
118,3476442,2021-03-25
119,4036877,2021-11-17
120,2389197,2021-05-07
121,4858275,2021-07-30
122,7436738,2021-10-22
123,3153957,2021-09-24
124,9445771,2021-08-08
125,7110271,2021-01-11
126,7692810,2021-12-15
127,3863643,2021-10-15
128,8847602,2021-10-27
129,4428347,2021-08-14
130,8955173,2021-05-15
131,3692568,2021-03-24
132,1098821,2021-03-01
133,6526752,2021-03-17
134,9485524,2021-12-21
135,2559321,2021-06-06
136,1620330,2021-03-25
137,3203219,2021-12-02
138,0814030,2021-01-19
139,0898690,2021-11-08
140,5912375,2021-09-11
141,3627382,2021-08-04
142,4021736,2021-10-15
143,1701965,2021-04-04
144,9720456,2021-11-04
145,7432046,2021-12-23
146,0683602,2021-11-09
147,4546329,2021-12-18
148,7960892,2021-07-14
149,8832422,2021-03-04
150,7438607,2021-12-13
151,1890675,2021-06-17
152,2902716,2021-12-06
153,6357078,2021-10-03
154,2365154,2021-11-06
155,3972084,2021-09-22
156,7651394,2021-08-05
157,9543392,2021-04-16
158,6906911,2021-07-27
159,1858466,2021-01-24
160,6525423,2021-06-27
161,3144583,2021-10-14
162,7785418,2021-06-07
163,1201198,2021-05-05
164,7418131,2021-03-05
165,9185571,2021-01-23
166,7496045,2021-12-25
167,2008507,2021-07-15
168,4740907,2021-08-16
169,0780356,2021-05-17
170,9748874,2021-09-19
171,9042852,2021-05-16
172,1317256,2021-10-15
173,9201111,2021-08-15
174,2333739,2021-11-28
175,9813325,2021-07-05
176,9698249,2021-10-12
177,3176067,2021-04-03
178,1955257,2021-09-15
179,2228157,2021-09-05
180,1908307,2021-03-18
181,9002181,2021-11-06
182,6951142,2021-03-18
183,6792374,2021-07-21
184,2798394,2021-10-09
185,9079007,2021-08-22
186,6955529,2021-09-30
187,8429834,2021-09-24
188,9610046,2021-10-23
189,4739449,2021-11-13
190,5047342,2021-04-05
191,0208064,2021-10-03
192,8319530,2021-02-27
193,8529568,2021-02-10
194,4656583,2021-08-18
195,4890683,2021-01-02
196,6703885,2021-11-02
197,2582187,2021-12-31
198,2380950,2021-02-09
199,2043073,2021-02-06
200,7623781,2021-10-08
201,6927088,2021-09-30
202,2222998,2021-10-09
203,7224995,2021-03-03
204,0556653,2021-12-24
205,9015822,2021-04-11
206,9508699,2021-01-20
207,2399741,2021-10-14
208,9420894,2021-12-05
209,5907382,2021-04-28
210,9761370,2021-06-13
211,3209289,2021-09-07
212,6892688,2021-02-14
213,4701560,2021-09-05
214,0006712,2021-11-06
215,7051823,2021-10-20
216,2647287,2021-04-25
217,7779869,2021-08-02
218,6823452,2021-01-13
219,8781123,2021-10-29
220,7294847,2021-02-02
221,9225541,2021-02-15
222,4957600,2021-03-05
223,5508054,2021-02-18
224,2559120,2021-07-25
225,9807560,2021-02-21
226,6740759,2021-06-07
227,7922215,2021-10-08
228,5096997,2021-03-11
229,5642382,2021-07-13
230,1111898,2021-12-11
231,5064566,2021-09-26
232,1298595,2021-01-29
233,0996583,2021-08-23
234,1241428,2021-02-11
235,6377147,2021-10-08
236,4186100,2021-10-16
237,6752440,2021-07-21
238,2431734,2021-05-14
239,7083367,2021-09-30
240,7179467,2021-02-17
241,2375573,2021-08-13
242,2885670,2021-07-15
243,5409522,2021-11-02
244,8083260,2021-08-19
245,7731213,2021-03-15
246,2235918,2021-06-03
247,5993673,2021-03-22
248,8085160,2021-12-29
249,2439986,2021-01-21
250,8639961,2021-03-04
251,5919172,2021-04-24
252,4233356,2021-07-10
253,8553085,2021-01-25
254,3135290,2021-01-02
255,2675733,2021-01-06
256,7141631,2021-09-24
257,1866419,2021-10-12
258,6216351,2021-08-09
259,0281036,2021-01-11
260,4751523,2021-09-12
261,7590424,2021-03-13
262,2195420,2021-07-16
263,3120097,2021-02-21
264,1362330,2021-02-27
265,5496973,2021-02-14
266,6373899,2021-05-23
267,0686894,2021-01-07
268,4837458,2021-10-30
269,1635780,2021-03-01
270,2423512,2021-01-25
271,5911013,2021-08-04
272,4117745,2021-03-28
273,4936585,2021-11-03
274,9041787,2021-04-03
275,6610312,2021-12-13
276,4563472,2021-01-28
277,9076544,2021-07-03
278,0261943,2021-02-04
279,0670506,2021-01-16
280,5239681,2021-06-15
281,3304254,2021-03-26
282,0180605,2021-06-09
283,7594274,2021-10-25
284,7871931,2021-09-09
285,0104075,2021-08-05
286,1847477,2021-05-12
287,7838028,2021-02-19
288,9028008,2021-01-25
289,7445703,2021-02-23
290,5491452,2021-04-08
291,2226224,2021-11-05
292,9350620,2021-02-08
293,5408006,2021-06-03
294,4628276,2021-06-16
295,6228961,2021-11-12
296,5257453,2021-06-07
297,3469337,2021-04-01
298,2338365,2021-07-04
299,7955714,2021-04-01
300,2138932,2021-09-29
301,2114854,2021-04-29
302,1530903,2021-08-05
303,0182740,2021-01-13
304,6015554,2021-08-01
305,2660540,2021-05-30
306,6454856,2021-06-24
307,5239420,2021-11-07
308,9071505,2021-07-27
309,4499881,2021-01-06
310,5128225,2021-12-02
311,5247438,2021-10-01
312,0095352,2021-08-23
313,2960588,2021-01-17
314,0250681,2021-09-03
315,0583401,2021-12-23
316,5153503,2021-07-18
317,8613998,2021-07-19
318,0262290,2021-02-20
319,9077731,2021-08-12
320,1307644,2021-07-28
321,8161833,2021-03-18
322,3782600,2021-08-16
323,4937108,2021-02-27
324,0201605,2021-06-03
325,3671761,2021-11-11
326,7483178,2021-11-13
327,9611570,2021-02-02
328,2544009,2021-04-02
329,8784085,2021-08-12
330,4290619,2021-02-09
331,0450815,2021-02-20
332,7034948,2021-07-10
333,5334144,2021-05-15
334,4276327,2021-04-15
335,2093292,2021-11-19
336,2825883,2021-11-10
337,8197018,2021-08-19
338,8447693,2021-10-28
339,4101267,2021-08-12
340,0903685,2021-08-12
341,4410888,2021-10-02
342,8363242,2021-09-04
343,4333530,2021-07-09
344,5586637,2021-05-31
345,5700766,2021-05-29
346,6185034,2021-03-31
347,6235930,2021-07-22
348,2708214,2021-01-08
349,5229723,2021-10-24
350,5064912,2021-02-04
351,2000977,2021-01-03
352,4468239,2021-03-22
353,9717965,2021-09-21
354,4861403,2021-01-08
355,8947280,2021-08-15
356,6244990,2021-04-03
357,5001565,2021-06-17
358,4494859,2021-01-20
359,8427687,2021-05-16
360,4041629,2021-09-15
361,4053813,2021-10-19
362,0400269,2021-06-12
363,9043457,2021-04-27
364,7868455,2021-03-18
365,5181882,2021-06-06
366,1680668,2021-02-12
367,9363097,2021-11-16
368,9870735,2021-10-10
369,1940652,2021-05-21
370,2670007,2021-12-20
371,2012336,2021-08-16
372,0707475,2021-07-02
373,6544218,2021-08-14
374,5302322,2021-12-14
375,2790869,2021-09-02
376,7219539,2021-11-20
377,4606017,2021-11-14
378,7366341,2021-06-01
379,7782517,2021-03-29
380,7460351,2021-12-21
381,4015032,2021-10-09
382,4418540,2021-07-24
383,8212549,2021-02-18
384,1851579,2021-08-06
385,8600450,2021-10-17
386,1172904,2021-01-25
387,7173248,2021-03-20
388,8804219,2021-04-06
389,8672317,2021-08-11
390,1767465,2021-09-21
391,6219847,2021-06-21
392,9451838,2021-09-26
393,0011281,2021-06-11
394,6369442,2021-12-11
395,9573312,2021-07-13
396,5409960,2021-03-11
397,4094227,2021-02-01
398,6848803,2021-11-17
399,5669316,2021-04-17
400,3477050,2021-10-22
401,8110196,2021-07-12
402,7585740,2021-02-06
403,4423022,2021-04-21
404,0734411,2021-04-18
405,7307075,2021-01-19
406,3159734,2021-08-21
407,3633305,2021-08-01
408,7386329,2021-02-24
409,5119805,2021-11-04
410,2080807,2021-08-03
411,1508525,2021-08-03
412,5525740,2021-07-07
413,7067961,2021-08-12
414,1116590,2021-09-09
415,3756070,2021-04-09
416,2392542,2021-07-02
417,6973307,2021-09-17
418,3885486,2021-04-20
419,0372805,2021-08-20
420,1537214,2021-11-13
421,4507425,2021-12-24
422,6504486,2021-01-04
423,2201601,2021-11-14
424,7918397,2021-02-07
425,1756318,2021-01-16
426,5982038,2021-09-26
427,4505336,2021-10-10
428,0666066,2021-04-29
429,9201390,2021-01-23
430,3544819,2021-05-01
431,8570715,2021-08-07
432,4804484,2021-04-23
433,8119728,2021-03-07
434,6997408,2021-01-17
435,2313889,2021-02-06
436,5703848,2021-05-19
437,0656060,2021-06-03
438,5777588,2021-03-30
439,3563797,2021-08-27
440,1953264,2021-02-27
441,7003160,2021-10-06
442,9855922,2021-01-23
443,1593433,2021-10-03
444,1656756,2021-07-19
445,3715652,2021-10-09
446,9780747,2021-07-19
447,8659271,2021-03-14
448,2992061,2021-11-20
449,2298696,2021-10-04
450,9680203,2021-09-04
451,5394712,2021-02-05
452,9358132,2021-10-03
453,0332664,2021-11-08
454,5455629,2021-05-19
455,7334736,2021-06-06
456,3172546,2021-05-26
457,0710517,2021-06-06
458,8077465,2021-10-01
459,6959955,2021-04-14
460,5452200,2021-06-13
461,6253474,2021-02-27
462,9793107,2021-06-06
463,2047582,2021-02-27
464,6485562,2021-05-28
465,4346816,2021-11-03
466,7195280,2021-04-09
467,8732340,2021-06-19
468,9708109,2021-01-18
469,7786163,2021-12-12
470,3725505,2021-01-07
471,3664895,2021-07-26
472,5486898,2021-06-10
473,1964142,2021-06-11
474,7809047,2021-09-27
475,9810707,2021-10-28
476,8804967,2021-03-29
477,6740647,2021-12-16
478,1609803,2021-02-28
479,0837267,2021-03-19
480,5572901,2021-09-22
481,0078352,2021-03-12
482,6609629,2021-09-01
483,4087158,2021-12-06
484,6369249,2021-11-28
485,0055624,2021-01-13
486,8719983,2021-04-21
487,9519641,2021-04-04
488,4452639,2021-08-05
489,9706045,2021-10-14
490,0131780,2021-10-15
491,7215478,2021-11-08
492,9845100,2021-09-09
493,1919025,2021-01-07
494,6898222,2021-03-22
495,1921077,2021-12-08
496,8536383,2021-11-20
497,9838185,2021-10-18
498,0225187,2021-04-08
499,3852119,2021-11-06
