,order_id,sku,quantity_ordered
0,5572901,VH7g4,1
1,7692810,EYuPh,1
2,2201601,VH7g4,1
3,2582187,F2FMD,1
4,7639468,6uQgs,2
5,7294847,On85X,1
6,2298696,dfSLG,1
7,6563160,iU4yT,1
8,2138932,aOMFq,1
9,4606017,dKJkJ,1
10,0250681,3RKZ2,1
11,6185034,2PXdy,1
12,7585740,0535k,1
13,1362330,3RKZ2,1
14,0225187,uO4Rd,2
15,3563797,fqLU5,1
16,3852119,9SIK4,1
17,7173248,6s0in,3
18,1593433,On85X,2
19,8804967,fqLU5,2
20,8613998,GjcOF,1
21,0072370,DgDjE,2
22,0006712,2PXdy,2
23,0510900,kMakS,1
24,7438607,Mtmi2,2
25,1241428,0535k,1
26,5409522,lwRJs,2
27,6752440,lUng9,1
28,1858466,0535k,1
29,9870735,kKnrw,1
30,6185034,5Nssm,1
31,2664861,wcSLM,1
32,6357078,KNNUD,2
33,5792515,IrwTv,2
34,5153503,GfWvN,1
35,9708653,9nHo8,2
36,4346816,LGoyJ,1
37,2886351,EgMtf,4
38,8612566,G7fnV,1
39,3153957,u6K51,4
40,8212549,EYuPh,2
41,4563472,EYuPh,2
42,3477050,G2QWv,1
43,3209289,GjcOF,1
44,2080807,jDKK3,1
45,3521709,kKnrw,2
46,7460351,DgDjE,2
47,1317256,xjDqn,1
48,5224181,bMDfZ,2
49,8447693,Q1hdl,1
50,8784085,D7UzG,1
51,6228961,cuott,1
52,0575359,9SIK4,1
53,0011281,jBLbt,1
54,4053813,z9WV8,1
55,8204053,0535k,1
56,0262290,EZz8T,1
57,5240633,Ekffb,2
58,2235918,aOMFq,1
59,2960588,dfSLG,1
60,8212549,Q1hdl,1
61,0180605,kMakS,1
62,0104075,0IjVy,2
63,3477050,1npNl,1
64,5257453,dddyA,2
65,3633305,HAPnU,2
66,6973307,aOMFq,2
67,1508525,HAPnU,1
68,0898690,kKnrw,1
69,7496045,o2MCC,1
70,5096997,7W2fZ,1
71,4053813,GjcOF,1
72,8570715,n5rDW,1
73,6526752,9nHo8,1
74,4890683,p8l9a,1
75,0372805,NfBJP,1
76,4468239,6s0in,1
77,1620330,48Crv,1
78,9177637,uO4Rd,1
79,0683602,hSMV1,1
80,8319530,IrwTv,2
81,0551795,1S0Ur,1
82,5589220,l8R8p,2
83,4606017,lJeI0,1
84,4410888,cuott,1
85,2481178,LGoyJ,4
86,7692810,bBtPS,1
87,1037212,3PmVz,1
88,9420894,5Nssm,3
89,1964142,dKJkJ,2
90,2313889,cuott,1
91,4739449,kKnrw,2
92,5700766,ofbg6,1
93,1851579,6uQgs,1
94,4701560,l8R8p,1
95,7651394,G2QWv,1
96,7294847,p8l9a,1
97,7623781,580vz,1
98,2392542,N4V4B,2
99,3304254,GfWvN,1
100,2559321,1S0Ur,2
101,7958881,csft6,1
102,2399741,jP3ft,1
103,5797146,GUVWT,2
104,5240633,GBa6e,1
105,0898690,lwRJs,2
106,5064912,NfBJP,1
107,2080807,NfBJP,1
108,5064566,184hY,1
109,8204053,9MAGa,1
110,3120097,wcSLM,4
111,3476442,5Nssm,2
112,3671761,lwRJs,1
113,9813325,6uQgs,1
114,6740759,lUng9,2
115,9855922,Qe1Gp,1
116,6703885,at5wn,2
117,0281036,9MAGa,1
118,7195280,cuott,2
119,1201198,3RKZ2,1
120,7366341,jBLbt,1
121,0281036,GUVWT,2
122,9807560,lwRJs,2
123,2790869,n5rDW,4
124,8804967,aOMFq,3
125,4117745,GfWvN,1
126,7871931,IrwTv,2
127,7173248,GUVWT,1
128,5703848,8tk4t,1
129,8363242,48Crv,1
130,1362330,D7UzG,1
131,2080599,LGoyJ,1
132,3666578,47rNS,2
133,0055624,t6NyA,1
134,7779869,6s0in,1
135,0837267,dddyA,1
136,2885670,eLEuj,1
137,0814030,Ekffb,1
138,6185034,GUVWT,4
139,2544009,p8l9a,1
140,5247438,wcSLM,1
141,3852119,u6K51,1
142,0707475,edbWy,1
143,1004909,xjDqn,2
144,2790869,lwRJs,1
145,1635780,47rNS,1
146,2559120,jDKK3,2
147,9592484,Q1hdl,1
148,0666066,dddyA,1
149,2960588,On85X,1
150,8315632,DgDjE,1
151,2575924,iU4yT,1
152,1037212,48Crv,1
153,8955173,On85X,2
154,3972084,2g22f,1
155,0078352,JamyM,1
156,0683602,p8l9a,1
157,8447693,p8l9a,1
158,3159734,jDKK3,1
159,7067961,dKJkJ,2
160,2825883,3PmVz,2
161,4041629,jDKK3,2
162,1919025,lUng9,1
163,6548186,lwRJs,2
164,1964142,9SIK4,1
165,3756070,G2QWv,1
166,2885670,5Nssm,4
167,8847602,kMakS,2
168,5797146,RvyDX,3
169,5096997,jP3ft,1
170,5792515,dfSLG,2
171,8335367,47rNS,1
172,1537214,0IjVy,1
173,4233356,m5Xkk,1
174,6839872,edbWy,2
175,0208064,Ekffb,1
176,4804484,m5Xkk,1
177,3209289,t6NyA,1
178,5472969,VH7g4,2
179,0556653,8tk4t,1
180,0332664,0535k,4
181,2544009,o2MCC,1
182,5472969,6s0in,1
183,9077731,GUVWT,1
184,1298595,xjDqn,1
185,2008507,G2QWv,1
186,0078352,GfWvN,1
187,6377147,LjVXf,2
188,9680203,et9lS,1
189,6740759,2g22f,4
190,2798394,lwRJs,2
191,0006712,fqLU5,1
192,4101267,1EZyu,1
193,2675733,5AxcH,1
194,9485524,lUng9,1
195,1184418,jDKK3,1
196,5911013,G2QWv,1
197,8612653,VH7g4,1
198,4937108,LsTU0,1
199,8008133,5AxcH,2
200,9708109,u6K51,1
201,1098821,t6NyA,2
202,3521709,48Crv,1
203,4936585,RvyDX,1
204,2313889,9SIK4,2
205,0250681,edbWy,1
206,7034948,lUng9,4
207,8161160,Csc0z,1
208,2080599,EYuPh,1
209,5128225,Ekffb,1
210,9813325,3QdbU,1
211,8319530,dXTIm,2
212,7127181,N4V4B,1
213,2885670,iU4yT,1
214,4656583,n5rDW,2
215,4507425,3RKZ2,2
216,5047342,JamyM,4
217,8204053,eLEuj,2
218,5586637,RvyDX,2
219,2080807,9MAGa,1
220,7785418,3QdbU,1
221,9729725,D7UzG,3
222,6959955,jBLbt,1
223,8672317,G7fnV,1
224,8553085,LjVXf,2
225,6369249,7W2fZ,1
226,6548186,0IjVy,1
227,3972084,t6NyA,1
228,3051595,KNNUD,1
229,8204053,Q1hdl,1
230,7173248,wcSLM,1
231,0182740,GfWvN,1
232,5792515,o2MCC,1
233,7366341,jP3ft,1
234,5408006,zBL9D,4
235,3664895,Csc0z,1
236,9071505,1S0Ur,2
237,1201198,jBLbt,1
238,4701560,m5Xkk,1
239,0281036,GBa6e,1
240,3521709,2g22f,3
241,2790869,csft6,1
242,1317256,N4V4B,1
243,9611570,184hY,1
244,8612566,eLEuj,2
245,7438607,Csc0z,1
246,8315632,6s0in,1
247,9201111,Csc0z,1
248,3972084,uO4Rd,2
249,6295580,n5rDW,1
250,1756318,G2QWv,2
251,3511853,7J04T,1
252,3666578,VH7g4,4
253,5394712,GBa6e,2
254,3144583,2g22f,1
255,1624286,LGoyJ,2
256,6357078,xjDqn,1
257,8429834,9MAGa,1
258,0996583,ofbg6,3
259,4410888,dfSLG,1
260,7483178,0535k,1
261,3299708,kMakS,1
262,9748874,VH7g4,4
263,8246181,LGoyJ,1
264,0619410,zNuEJ,1
265,9177637,jP3ft,1
266,4898144,DgDjE,1
267,5911013,DgDjE,1
268,0619410,5AxcH,1
269,1947775,cuott,1
270,9780747,Csc0z,1
271,7639468,0535k,1
272,7918397,N4V4B,1
273,6015554,KNNUD,1
274,3664895,G2QWv,1
275,1530903,On85X,1
276,3627382,Qe1Gp,1
277,0225187,GjcOF,1
278,5472969,EgMtf,2
279,4290619,9nHo8,2
280,3972084,fqLU5,1
281,2708146,kMakS,1
282,3153957,9MAGa,3
283,4468239,DgDjE,4
284,5700766,EZz8T,1
285,8161833,RvyDX,1
286,2392542,LsTU0,2
287,5982038,hSMV1,2
288,8197018,OUa3f,2
289,2798394,dXTIm,2
290,4053813,Mtmi2,1
291,6752440,iU4yT,4
292,2399741,48Crv,1
293,3756070,jP3ft,1
294,2481178,6s0in,2
295,5777588,n5rDW,4
296,2201601,D7UzG,1
297,2439986,OUa3f,1
298,4610067,6s0in,2
299,4861403,HAPnU,1
300,7871931,l8R8p,2
301,5993673,D7UzG,1
302,2000977,NfBJP,1
303,5911013,IrwTv,1
304,2531474,2g22f,2
305,4913410,zNuEJ,2
306,8255534,On85X,1
307,4276327,n5rDW,1
308,8427687,7J04T,1
309,9201390,ofbg6,1
310,2008507,1S0Ur,1
311,7051823,csft6,3
312,0666066,VH7g4,2
313,0137118,KNNUD,1
314,7179467,NfBJP,2
315,9706045,5AxcH,2
316,6216351,Mtmi2,1
317,9350620,bMDfZ,2
318,8083260,Csc0z,4
319,4563472,H98RG,1
320,0551795,RvyDX,1
321,9185571,at5wn,1
322,0095352,8tk4t,1
323,3521709,hSMV1,1
324,0510900,zNuEJ,1
325,6892688,eLEuj,4
326,2338365,NfBJP,2
327,6373899,jDKK3,1
328,6898222,5Nssm,1
329,8823421,uuaf9,1
330,2047582,dXTIm,2
331,1624286,zNuEJ,1
332,0683602,5AxcH,2
333,5703848,ubmjS,1
334,5239420,p8l9a,1
335,9041787,G2QWv,1
336,2012336,Qe1Gp,1
337,0686894,7J04T,4
338,6609629,et9lS,1
339,9445771,EZz8T,1
340,5669316,NfBJP,1
341,1116590,EZz8T,2
342,2646849,ubmjS,1
343,8529568,JamyM,1
344,0604967,lUng9,1
345,4499881,bMDfZ,1
346,2992061,uO4Rd,2
347,8447693,IF968,2
348,4861403,wcSLM,1
349,6323637,3QdbU,1
350,1144720,aOMFq,1
351,1442754,u6K51,4
352,2567293,u6K51,1
353,9041787,9MAGa,2
354,5993673,0535k,1
355,2389197,GfWvN,3
356,8447693,zNuEJ,2
357,4036877,Mtmi2,1
358,4036877,1EZyu,3
359,9708109,OUa3f,2
360,2338365,NfBJP,1
361,5239681,3RKZ2,4
362,0563950,9nHo8,1
363,6839872,GfWvN,1
364,7483178,ubmjS,3
365,6927088,RvyDX,1
366,9610046,OUa3f,1
367,9519641,1EZyu,1
368,4050566,p8l9a,1
369,1098821,On85X,1
370,9071505,n5rDW,1
371,0180605,0IjVy,1
372,1004909,3QdbU,1
373,6015554,8tk4t,1
374,5409960,bBtPS,3
375,2298696,lwRJs,2
376,8570715,7W2fZ,1
377,2201601,GBa6e,1
378,7786163,jBLbt,1
379,2992061,et9lS,4
380,6548186,OhlDS,1
381,4936585,u6K51,1
382,7436738,0535k,2
383,1953264,2PXdy,2
384,5982038,VH7g4,1
385,7731213,D7UzG,1
386,4117745,dKJkJ,1
387,1116590,3PmVz,1
388,6892688,9SIK4,1
389,4333530,z9WV8,1
390,4101267,2PXdy,1
391,0551795,G7fnV,1
392,8429834,1EZyu,1
393,1953264,G7fnV,1
394,5703848,Q1hdl,2
395,0898690,zBL9D,3
396,5907382,lwRJs,3
397,8298371,lJeI0,2
398,4740907,47rNS,1
399,9350620,eLEuj,1
400,5013758,ofbg6,2
401,7215478,OUa3f,3
402,7003160,l8R8p,2
403,4292406,lwRJs,1
404,3671761,uO4Rd,2
405,8392150,uuaf9,2
406,5589220,dfSLG,1
407,8613998,at5wn,2
408,5550592,D7UzG,1
409,7432046,Csc0z,1
410,8570715,1S0Ur,1
411,9748874,7J04T,1
412,2885670,at5wn,1
413,1508525,48Crv,1
414,4015032,wcSLM,1
415,2226224,0IjVy,1
416,9002181,bMDfZ,1
417,5014541,ubmjS,2
418,2481178,bBtPS,1
419,2333739,t6NyA,4
420,0332664,KNNUD,1
421,2992061,1npNl,1
422,2558027,ubmjS,1
423,2960588,o2MCC,1
424,4041629,zBL9D,1
425,4117840,580vz,1
426,2886351,aOMFq,1
427,4628276,LsTU0,1
428,4804484,Ekffb,1
429,1609803,bMDfZ,1
430,9076544,m5Xkk,3
431,4499881,LGoyJ,4
432,9573312,On85X,4
433,9698249,DgDjE,2
434,4452639,H98RG,1
435,9793107,wcSLM,4
436,5128225,DgDjE,1
437,9405367,H98RG,1
438,2375573,Qe1Gp,1
439,7003160,GBa6e,1
440,6822807,ofbg6,1
441,7496045,3RKZ2,1
442,8212549,xjDqn,2
443,5153503,G7fnV,1
444,5777588,bBtPS,1
445,4858275,at5wn,1
446,0656060,ofbg6,1
447,2439986,z9WV8,1
448,5596046,zBL9D,1
449,9810707,edbWy,1
450,2195420,F2FMD,1
451,5907382,3QdbU,1
452,4101267,N4V4B,2
453,3715652,l8R8p,1
454,3511853,zBL9D,1
455,9774209,m5Xkk,2
456,4333530,184hY,3
457,8363242,Q1hdl,1
458,2008507,fqLU5,1
459,9420894,edbWy,1
460,4050566,wcSLM,1
461,4936585,6uQgs,2
462,5852567,1EZyu,1
463,0683602,p8l9a,2
464,4021736,kKnrw,1
465,9838185,1S0Ur,2
466,5496973,RvyDX,1
467,0137118,6uQgs,4
468,2544009,OhlDS,1
469,3756070,3PmVz,2
470,9077731,jBLbt,4
471,1298595,Qe1Gp,1
472,2228157,dfSLG,1
473,8008133,uuaf9,1
474,3469337,5Nssm,2
475,6504486,uuaf9,2
476,7809047,48Crv,1
477,5700766,dfSLG,4
478,9543392,kMakS,2
479,2000977,GjcOF,2
480,5539092,IF968,1
481,9708109,2PXdy,1
482,1858466,n5rDW,1
483,3671761,bBtPS,1
484,8823421,p8l9a,1
485,9610046,N4V4B,1
486,6253474,lUng9,1
487,4537482,ofbg6,1
488,5394712,lwRJs,1
489,4610067,7J04T,1
490,8781123,GjcOF,3
491,4950513,dfSLG,1
492,7141631,On85X,1
493,2338365,GfWvN,1
494,7457932,lUng9,1
495,7786163,EgMtf,2
496,7594274,uO4Rd,2
497,5452200,aOMFq,1
498,6973307,1S0Ur,1
499,4628276,9SIK4,4
500,8955173,RvyDX,1
501,7922215,48Crv,2
502,8955173,H98RG,1
503,4452639,uO4Rd,1
504,8784085,Q1hdl,1
505,5486898,p8l9a,1
506,0837267,1npNl,1
507,5013758,Qe1Gp,1
508,1680668,xjDqn,1
509,1767465,dfSLG,2
510,1964142,Mtmi2,1
511,1635780,3RKZ2,1
512,2114854,hSMV1,1
513,9680203,dfSLG,4
514,5334144,iU4yT,2
515,4628276,ZGNsg,1
516,1307644,n5rDW,1
517,5912375,hSMV1,1
518,5013758,580vz,1
519,3782600,xjDqn,1
520,0180605,D7UzG,4
521,7651394,IF968,1
522,9680203,LGoyJ,1
523,2380950,p8l9a,1
524,2664861,ubmjS,2
525,2389197,G7fnV,2
526,5508054,zBL9D,2
527,2423512,1npNl,4
528,9043457,zNuEJ,4
529,7173248,p8l9a,2
530,7334736,2g22f,1
531,4957600,u6K51,1
532,1593433,csft6,4
533,3863643,eLEuj,1
534,8639961,l8R8p,1
535,2514057,Mtmi2,1
536,9780747,580vz,1
537,8781123,edbWy,3
538,5669316,uuaf9,1
539,1593433,VH7g4,1
540,8246181,dXTIm,1
541,9028008,F2FMD,3
542,8119728,48Crv,1
543,9729725,dXTIm,1
544,2222998,NfBJP,2
545,5911013,edbWy,1
546,4606017,GBa6e,1
547,4101267,DgDjE,2
548,6564422,JamyM,2
549,9104720,HAPnU,1
550,4858275,fqLU5,1
551,6185034,Csc0z,2
552,3852119,IrwTv,1
553,1908307,KNNUD,2
554,5239420,Q1hdl,2
555,5302322,9nHo8,2
556,7958881,jBLbt,1
557,0225187,t6NyA,1
558,9079007,GfWvN,1
559,4950513,dXTIm,2
560,6295580,bMDfZ,1
561,6883252,580vz,1
562,1868511,n5rDW,1
563,3304254,uuaf9,2
564,2544009,0535k,1
565,6548186,Csc0z,2
566,2375573,csft6,1
567,1656756,zBL9D,4
568,9838185,wcSLM,1
569,7782517,GjcOF,1
570,9720456,edbWy,1
571,6703885,csft6,1
572,4015032,jDKK3,1
573,2531474,aOMFq,2
574,7034948,184hY,1
575,0814030,1npNl,1
576,6295580,dXTIm,1
577,0710517,kMakS,2
578,2670007,lwRJs,1
579,9611570,GjcOF,1
580,9028008,1S0Ur,2
581,7432046,Csc0z,1
582,0180605,VH7g4,1
583,2558027,G2QWv,1
584,4292406,dfSLG,1
585,3863643,bMDfZ,2
586,5153503,cuott,2
587,5596046,7W2fZ,1
588,0683602,dKJkJ,3
589,0182740,zNuEJ,1
590,6740647,lJeI0,2
591,4094227,1npNl,1
592,1184418,o2MCC,1
593,0180605,n5rDW,1
594,6740759,IrwTv,1
595,8847602,dddyA,1
596,5153503,7W2fZ,2
597,1756318,Ekffb,1
598,0583401,dfSLG,1
599,9420894,ubmjS,1
600,7034948,N4V4B,2
601,9358132,jBLbt,1
602,0710517,Csc0z,1
603,4701560,uuaf9,2
604,3511853,Mtmi2,1
605,0837267,EgMtf,1
606,6997408,n5rDW,1
607,7483178,580vz,1
608,8319530,RvyDX,2
609,3203219,JNECc,1
610,5408006,IrwTv,1
611,7782517,OhlDS,1
612,3322532,GfWvN,1
613,9358132,Ekffb,1
614,1508525,dfSLG,1
615,5239681,On85X,1
616,2798394,n5rDW,1
617,7460351,LjVXf,1
618,2138932,Mtmi2,1
619,2098734,1npNl,1
620,9002181,0535k,1
621,8613998,zBL9D,2
622,6548186,0IjVy,2
623,2431734,IF968,1
624,7418131,47rNS,1
625,7307075,IF968,1
626,1868511,LGoyJ,3
627,9420894,GBa6e,1
628,5047342,2PXdy,1
629,8732340,7W2fZ,2
630,5982038,LGoyJ,1
631,0710517,iU4yT,1
632,8613998,8tk4t,4
633,3863643,fqLU5,2
634,0011281,eLEuj,1
635,1680668,3PmVz,1
636,1919025,zBL9D,1
637,0182740,m5Xkk,1
638,0710517,RvyDX,1
639,7501962,aOMFq,4
640,2138932,RvyDX,1
641,6883252,2PXdy,2
642,3203219,z9WV8,2
643,9610046,xjDqn,2
644,8529568,at5wn,3
645,3666578,9SIK4,1
646,1919025,3RKZ2,1
647,0670506,iU4yT,1
648,2201601,48Crv,2
649,6525423,IrwTv,2
650,4021736,at5wn,1
651,0137118,Ekffb,1
652,9543392,GBa6e,1
653,7483178,JamyM,1
654,1593433,kMakS,4
655,3671761,at5wn,2
656,6409431,9SIK4,2
657,9077731,6uQgs,2
658,4505336,On85X,2
659,6740759,ZGNsg,1
660,2559120,lUng9,1
661,2514057,Qe1Gp,2
662,8212549,u6K51,1
663,8732340,6uQgs,1
664,2080599,HAPnU,1
665,9043457,GjcOF,1
666,2559321,2g22f,1
667,1184418,eLEuj,1
668,4505336,Qe1Gp,1
669,4418540,bMDfZ,2
670,6959955,zBL9D,3
671,0556653,5AxcH,1
672,4117745,KNNUD,1
673,6228961,edbWy,2
674,5455629,NfBJP,1
675,3511853,lwRJs,1
676,2781566,wcSLM,2
677,8429834,7W2fZ,1
678,1201198,9MAGa,1
679,8335367,GfWvN,2
680,2544009,EZz8T,1
681,4563472,lUng9,1
682,7179467,H98RG,1
683,4423022,9SIK4,4
684,6409431,lJeI0,1
685,2080807,2PXdy,1
686,2372533,KNNUD,2
687,5247438,KNNUD,2
688,6219847,n5rDW,1
689,7958881,0IjVy,1
690,7127181,H98RG,1
691,2567293,On85X,1
692,5257453,zNuEJ,4
693,8600450,G2QWv,1
694,7436738,OhlDS,1
695,9573312,GUVWT,1
696,1098821,p8l9a,2
697,7141631,N4V4B,1
698,4913410,JNECc,1
699,1241428,1npNl,4
700,7871931,ofbg6,1
701,0510900,3RKZ2,1
702,2298696,cuott,2
703,1953264,Qe1Gp,2
704,7034948,ofbg6,1
705,5852567,dfSLG,2
706,6454856,dKJkJ,2
707,6323637,GjcOF,2
708,0510900,m5Xkk,2
709,9225541,NfBJP,1
710,7779869,bMDfZ,1
711,1986043,7J04T,2
712,8197018,l8R8p,1
713,6609629,p8l9a,2
714,7215478,N4V4B,1
715,2439986,wcSLM,1
716,2798394,jBLbt,1
717,0332664,kKnrw,1
718,9720456,jBLbt,1
719,3761344,cuott,3
720,1635780,et9lS,2
721,7594274,3QdbU,1
722,0011281,3PmVz,1
723,4606017,JNECc,1
724,9042852,VH7g4,2
725,9708653,580vz,2
726,2481178,wcSLM,2
727,4087158,et9lS,2
728,8784085,xjDqn,1
729,4468239,t6NyA,1
730,8212549,lUng9,1
731,6185034,GfWvN,1
732,7173248,zNuEJ,2
733,0707475,5AxcH,2
734,5852567,edbWy,2
735,9810707,ofbg6,4
736,1955257,wcSLM,1
737,5852567,jP3ft,1
738,8947280,u6K51,3
739,6609629,dXTIm,1
740,9350620,GUVWT,1
741,2080807,6uQgs,1
742,1755628,1npNl,1
743,1144720,H98RG,1
744,3761344,bBtPS,1
745,3153957,G7fnV,2
746,7366341,5Nssm,2
747,2228157,jBLbt,2
748,4837458,u6K51,1
749,4117840,kKnrw,2
750,0556653,fqLU5,1
751,6323637,184hY,4
752,1919025,JNECc,1
753,3304254,3RKZ2,1
754,8834614,2PXdy,1
755,5064566,bMDfZ,1
756,2201601,N4V4B,2
757,1037212,cuott,1
758,0332664,bBtPS,1
759,1530903,lUng9,1
760,8204053,lJeI0,2
761,4656583,HAPnU,1
762,4053813,KNNUD,1
763,7501962,kMakS,1
764,6898222,o2MCC,2
765,7219539,OUa3f,2
766,9780747,5AxcH,3
767,9185571,KNNUD,1
768,0011281,0IjVy,1
769,9076544,6s0in,2
770,1172904,8tk4t,1
771,5852567,IF968,1
772,7731213,lJeI0,3
773,8847602,ZGNsg,2
774,5013758,jBLbt,4
775,0883704,F2FMD,1
776,6848803,dXTIm,2
777,7590424,m5Xkk,2
778,6883252,HAPnU,1
779,9015822,lUng9,1
780,4546329,7J04T,1
781,1307644,jP3ft,1
782,3627382,HAPnU,2
783,4610067,OUa3f,2
784,8672317,9SIK4,1
785,2008507,Csc0z,1
786,8612566,m5Xkk,2
787,3135290,0IjVy,1
788,6015554,9SIK4,1
789,6200578,jBLbt,2
790,2559321,jDKK3,2
791,3863643,edbWy,2
792,5257453,6uQgs,1
793,9519641,lUng9,1
794,3159734,H98RG,1
795,3176067,5AxcH,3
796,2080807,eLEuj,1
797,6752440,N4V4B,2
798,8719983,cuott,1
799,3627382,IrwTv,2
800,3288400,ofbg6,1
801,5797146,ofbg6,2
802,3051595,dXTIm,1
803,7960892,iU4yT,1
804,2313889,n5rDW,1
805,5852567,dddyA,1
806,7594274,47rNS,3
807,4410888,l8R8p,1
808,9611570,8tk4t,1
809,6015554,RvyDX,2
810,8823421,DgDjE,2
811,6959955,u6K51,3
812,4276327,at5wn,1
813,2228157,Mtmi2,2
814,4094227,bMDfZ,1
815,8008133,ZGNsg,2
816,0837267,et9lS,2
817,6906911,8tk4t,2
818,3322532,DgDjE,1
819,2558027,5Nssm,1
820,7307075,jBLbt,1
821,0683602,z9WV8,2
822,0055624,aOMFq,1
823,3664895,VH7g4,1
824,1947775,OUa3f,4
825,3725505,dXTIm,1
826,7219539,GfWvN,1
827,6823452,NfBJP,3
828,7594274,IF968,2
829,9201111,dddyA,2
830,4087158,o2MCC,1
831,5302322,6s0in,2
832,1144720,9SIK4,2
833,1890675,cuott,1
834,9079007,kKnrw,1
835,5993673,zNuEJ,1
836,8659271,GjcOF,1
837,7141631,GUVWT,1
838,9870735,l8R8p,3
839,5257453,DgDjE,1
840,7958881,jBLbt,1
841,5792515,et9lS,2
842,8110196,9MAGa,1
843,5703848,HAPnU,1
844,7386329,0535k,1
845,0556653,DgDjE,2
846,2431734,3PmVz,4
847,8319530,GjcOF,4
848,3299708,dfSLG,1
849,2567293,9SIK4,2
850,4053813,1npNl,1
851,1650107,F2FMD,2
852,6369442,N4V4B,1
853,3852119,JamyM,1
854,4050566,OhlDS,1
855,8804967,LGoyJ,1
856,8298371,D7UzG,1
857,5700766,dXTIm,1
858,2531474,lUng9,1
859,4563472,3PmVz,2
860,1755628,IrwTv,1
861,7294847,JamyM,2
862,4452639,u6K51,2
863,8335367,jBLbt,1
864,2392987,H98RG,2
865,9838185,6uQgs,2
866,6740647,aOMFq,3
867,5852567,cuott,1
868,8197018,u6K51,1
869,9041787,2PXdy,1
870,1858466,z9WV8,2
871,8447693,dfSLG,1
872,7294847,0535k,1
873,3477050,8tk4t,2
874,6563160,fqLU5,2
875,9405367,0535k,2
876,0575359,aOMFq,2
877,1755628,RvyDX,1
878,1609803,kKnrw,1
879,4739449,OhlDS,1
880,9543392,aOMFq,1
881,9838185,VH7g4,1
882,3159734,o2MCC,2
883,5912375,H98RG,1
884,3521709,7J04T,1
885,4053813,JNECc,1
886,0131780,zNuEJ,4
887,9610046,eLEuj,2
888,1940652,6uQgs,1
889,7780219,6s0in,1
890,5852567,RvyDX,2
891,7334736,dddyA,1
892,9079007,N4V4B,1
893,1172904,5AxcH,1
894,4739449,LGoyJ,1
895,6997408,LjVXf,2
896,2798394,uO4Rd,2
897,3153957,OhlDS,1
898,6848803,zNuEJ,1
899,9451838,1S0Ur,1
900,7127181,1npNl,1
901,0780356,lwRJs,2
902,0686894,kKnrw,2
903,8008133,hSMV1,1
904,9405367,at5wn,1
905,9350620,lJeI0,1
906,8008133,JNECc,1
907,5014541,KNNUD,3
908,6253474,uuaf9,2
909,7594274,z9WV8,2
910,7386329,wcSLM,1
911,4223903,2g22f,2
912,9201390,z9WV8,1
913,4628276,aOMFq,1
914,7639468,G2QWv,1
915,9041787,6s0in,2
916,3761344,G7fnV,4
917,7141631,9nHo8,1
918,8246181,wcSLM,2
919,4452639,48Crv,1
920,5119805,zNuEJ,1
921,2365154,kMakS,1
922,9717965,N4V4B,2
923,8298371,csft6,1
924,6740759,aOMFq,1
925,9201390,jP3ft,1
926,9706045,3QdbU,1
927,9225541,7J04T,1
928,9519641,6uQgs,2
929,1866419,0535k,3
930,3135290,csft6,1
931,3633305,8tk4t,1
932,5409522,aOMFq,1
933,2226224,ZGNsg,1
934,2380950,n5rDW,1
935,2195420,KNNUD,2
936,6703885,xjDqn,3
937,4015032,dddyA,3
938,8529568,n5rDW,2
939,4656583,3RKZ2,4
940,1201198,6uQgs,1
941,8732340,ubmjS,1
942,5700766,Mtmi2,4
943,8823421,G7fnV,1
944,2559321,dKJkJ,4
945,6792374,N4V4B,1
946,2098734,et9lS,2
947,8048459,fqLU5,1
948,2093292,7W2fZ,1
949,8161833,fqLU5,1
950,1098821,D7UzG,1
951,9807560,5Nssm,1
952,5001565,On85X,2
953,0281036,uO4Rd,1
954,4656583,3QdbU,2
955,3863643,IF968,2
956,7779869,GfWvN,1
957,8823421,t6NyA,1
958,5394712,3QdbU,1
959,3176067,6uQgs,1
960,9519641,n5rDW,1
961,3203219,NfBJP,3
962,1907047,at5wn,1
963,2481178,9nHo8,3
964,9680203,Ekffb,2
965,9201111,8tk4t,1
966,1624286,7W2fZ,1
967,6244990,dddyA,1
968,5703848,RvyDX,2
969,3051595,GBa6e,2
970,8639961,kKnrw,1
971,6740647,n5rDW,1
972,7594274,z9WV8,2
973,8784085,1EZyu,1
974,6596994,o2MCC,1
975,5409522,ubmjS,1
976,2664861,uuaf9,1
977,6596994,z9WV8,1
978,0281036,JNECc,1
979,7780219,RvyDX,1
980,5491452,7W2fZ,1
981,7067961,OUa3f,3
982,5014541,GUVWT,2
983,7195280,wcSLM,1
984,1241428,9MAGa,2
985,5491452,HAPnU,3
986,6525423,aOMFq,1
987,6740647,GfWvN,3
988,9042852,bMDfZ,2
989,1953264,u6K51,1
990,0837267,ZGNsg,3
991,0104075,n5rDW,1
992,7127181,0IjVy,1
993,2008507,9MAGa,2
994,1680668,D7UzG,2
995,6015554,l8R8p,1
996,5982038,6s0in,1
997,3209289,l8R8p,1
998,9177637,On85X,2
999,8429834,VH7g4,1
